Lambda,Retorno_Milhoes,CVaR_Lucro_Milhoes,Volume_Hedge_MW
NaN,835.626088012741,467.3985100847816,0.0
0.0,835.6260880127439,417.8624472026729,0.0
0.1,833.9390590744042,610.3492458707,4080.0
0.3,833.9390590744042,610.3492458707,4080.0
0.5,833.9390590744042,610.3492458707,4080.0
0.7,833.9390590744042,610.3492458707,4080.0
0.9,833.9390590744042,610.3492458707,4080.0
0.99,833.9390590744042,610.3492458707,4080.0
