Lambda,Retorno_Milhoes,CVaR_Perda_Milhoes,Volume_Hedge_MW
NaN,835.626088012741,-467.3985100847816,0.0
0.0,835.6260880127439,417.8624472026729,0.0
