Lambda,Retorno_Mi,CVaR_Mi,Vol_Hedge_MW
0.0,432.48034721274126,14.716706402672637,0.0
0.1,424.0420990744022,200.45228587069994,4080.0
0.3,424.0420990744022,200.45228587069997,4080.0
0.5,424.0420990744022,200.45228587069997,4080.0
0.7,424.0420990744022,200.45228587069997,4080.0
0.9,424.0420990744022,200.45228587069997,4080.0
0.99,424.0420990744022,200.45228587069997,4080.0
